Security Code,Issuer Name,Security Id,Security Name,Status,Group,Face Value,ISIN No,Industry,Instrument,Sector Name,Industry New Name,Igroup Name,ISubgroup Name,Break Out,Variation,Report
500002,ABB India Limited,ABB,ABB India Limited,Active,A ,2.0,INE117A01022,Heavy Electrical Equipment,Equity,Industrials,Capital Goods,Electrical Equipment,Heavy Electrical Equipment,6M,39.24802777717137,G
500008,Amara Raja Energy & Mobility Limited,ARE&M,Amara Raja Energy & Mobility Ltd,Active,A ,1.0,INE885A01032,Auto Components & Equipments,Equity,Consumer Discretionary,Automobile and Auto Components,Auto Components,Auto Components & Equipments,6M,15.699882096192082,G
500020,Bombay Dyeing & Mfg. Co. Ltd.,BOMDYEING,BOMBAY DYEING & MFG.CO.LTD.,Active,A ,2.0,INE032A01023,Other Textile Products,Equity,Consumer Discretionary,Textiles,Textiles & Apparels,Other Textile Products,1M,20.950630176382848,G
500020,Bombay Dyeing & Mfg. Co. Ltd.,BOMDYEING,BOMBAY DYEING & MFG.CO.LTD.,Active,A ,2.0,INE032A01023,Other Textile Products,Equity,Consumer Discretionary,Textiles,Textiles & Apparels,Other Textile Products,3M,18.996094163124006,G
500020,Bombay Dyeing & Mfg. Co. Ltd.,BOMDYEING,BOMBAY DYEING & MFG.CO.LTD.,Active,A ,2.0,INE032A01023,Other Textile Products,Equity,Consumer Discretionary,Textiles,Textiles & Apparels,Other Textile Products,6M,44.12818087832305,G
500023,Asian Hotels (North) Limited,ASIANHOTNR,Asian Hotels (North) Limited,Active,B ,10.0,INE363A01022,Hotels & Resorts,Equity,Consumer Discretionary,Consumer Services,Leisure Services,Hotels & Resorts,1M,16.05741177889433,G
500023,Asian Hotels (North) Limited,ASIANHOTNR,Asian Hotels (North) Limited,Active,B ,10.0,INE363A01022,Hotels & Resorts,Equity,Consumer Discretionary,Consumer Services,Leisure Services,Hotels & Resorts,6M,40.23876791273687,G
500027,Atul Limited.,ATUL,ATUL LTD.,Active,A ,10.0,INE100A01010,Specialty Chemicals,Equity,Commodities,Chemicals,Chemicals & Petrochemicals,Specialty Chemicals,6M,31.603893355903512,G
500038,Balrampur Chini Mills Ltd.,BALRAMCHIN,BALRAMPUR CHINI MILLS LTD.,Active,A ,1.0,INE119A01028,Sugar,Equity,Fast Moving Consumer Goods,Fast Moving Consumer Goods,Agricultural Food & other Products,Sugar,3M,43.58830146231721,G
500038,Balrampur Chini Mills Ltd.,BALRAMCHIN,BALRAMPUR CHINI MILLS LTD.,Active,A ,1.0,INE119A01028,Sugar,Equity,Fast Moving Consumer Goods,Fast Moving Consumer Goods,Agricultural Food & other Products,Sugar,6M,68.38148543843306,G
500040,ADITYA BIRLA REAL ESTATE LIMITED,ABREL,Aditya Birla Real Estate Ltd,Active,A ,10.0,INE055A01016,Paper & Paper Products,Equity,Commodities,Forest Materials,"Paper, Forest & Jute Products",Paper & Paper Products,3M,39.25101404162139,G
500040,ADITYA BIRLA REAL ESTATE LIMITED,ABREL,Aditya Birla Real Estate Ltd,Active,A ,10.0,INE055A01016,Paper & Paper Products,Equity,Commodities,Forest Materials,"Paper, Forest & Jute Products",Paper & Paper Products,6M,59.10358560667752,G
500041,Bannari Amman Sugars Ltd.,BANARISUG,BANNARI AMMAN SUGARS LTD.,Active,B ,10.0,INE459A01010,Sugar,Equity,Fast Moving Consumer Goods,Fast Moving Consumer Goods,Agricultural Food & other Products,Sugar,3M,19.142431138130252,G
500041,Bannari Amman Sugars Ltd.,BANARISUG,BANNARI AMMAN SUGARS LTD.,Active,B ,10.0,INE459A01010,Sugar,Equity,Fast Moving Consumer Goods,Fast Moving Consumer Goods,Agricultural Food & other Products,Sugar,6M,47.30523496155581,G
500042,BASF India Ltd,BASF,BASF INDIA LTD.,Active,A ,10.0,INE373A01013,Specialty Chemicals,Equity,Commodities,Chemicals,Chemicals & Petrochemicals,Specialty Chemicals,1M,19.216364576375007,G
500042,BASF India Ltd,BASF,BASF INDIA LTD.,Active,A ,10.0,INE373A01013,Specialty Chemicals,Equity,Commodities,Chemicals,Chemicals & Petrochemicals,Specialty Chemicals,3M,41.682054819669595,G
500042,BASF India Ltd,BASF,BASF INDIA LTD.,Active,A ,10.0,INE373A01013,Specialty Chemicals,Equity,Commodities,Chemicals,Chemicals & Petrochemicals,Specialty Chemicals,6M,125.18534393867593,G
500049,Bharat Electronics Ltd.,BEL,BHARAT ELECTRONICS LTD.,Active,A ,1.0,INE263A01024,Aerospace & Defense,Equity,Industrials,Capital Goods,Aerospace & Defense,Aerospace & Defense,6M,22.53039744733195,G
500052,Bhansali Engineering Polymers Ltd.,BEPL,BHANSALI ENGINEERING POLYMERS LTD.-$,Active,B ,1.0,INE922A01025,Specialty Chemicals,Equity,Commodities,Chemicals,Chemicals & Petrochemicals,Specialty Chemicals,6M,50.17509756793018,G
500067,Blue Star Ltd,BLUESTARCO,BLUE STAR LTD.,Active,A ,2.0,INE472A01039,Household Appliances,Equity,Consumer Discretionary,Consumer Durables,Consumer Durables,Household Appliances,3M,23.343396108982326,G
500067,Blue Star Ltd,BLUESTARCO,BLUE STAR LTD.,Active,A ,2.0,INE472A01039,Household Appliances,Equity,Consumer Discretionary,Consumer Durables,Consumer Durables,Household Appliances,6M,38.753384560624774,G
500074,BPL Ltd.,BPL,BPL LTD.,Active,B ,10.0,INE110A01019,Consumer Electronics,Equity,Consumer Discretionary,Consumer Durables,Consumer Durables,Consumer Electronics,6M,17.608481176913035,G
500078,ORIENTAL AROMATICS LIMITED,OAL,Oriental Aromatics Ltd-$,Active,B ,5.0,INE959C01023,Specialty Chemicals,Equity,Commodities,Chemicals,Chemicals & Petrochemicals,Specialty Chemicals,3M,24.224448715327586,G
500078,ORIENTAL AROMATICS LIMITED,OAL,Oriental Aromatics Ltd-$,Active,B ,5.0,INE959C01023,Specialty Chemicals,Equity,Commodities,Chemicals,Chemicals & Petrochemicals,Specialty Chemicals,6M,41.98930854350587,G
500083,Century Extrusions Ltd.,CENTEXT,CENTURY EXTRUSIONS LTD.,Active,T ,1.0,INE281A01026,Aluminium- Copper & Zinc Products,Equity,Industrials,Capital Goods,Industrial Products,"Aluminium, Copper & Zinc Products",6M,20.974359756860977,G
500084,CESC Limited,CESC,CESC LTD.,Active,A ,1.0,INE486A01021,Integrated Power Utilities,Equity,Utilities,Power,Power,Integrated Power Utilities,3M,17.64390005110255,G
500084,CESC Limited,CESC,CESC LTD.,Active,A ,1.0,INE486A01021,Integrated Power Utilities,Equity,Utilities,Power,Power,Integrated Power Utilities,6M,38.46099406451347,G
500085,Chambal Fertilisers & Chemicals Ltd,CHAMBLFERT,CHAMBAL FERTILISERS & CHEMICALS LTD.,Active,A ,10.0,INE085A01013,Fertilizers,Equity,Commodities,Chemicals,Fertilizers & Agrochemicals,Fertilizers,6M,29.613563539419786,G
500087,Cipla Ltd.,CIPLA,CIPLA LTD.,Active,A ,2.0,INE059A01026,Pharmaceuticals,Equity,Healthcare,Healthcare,Pharmaceuticals & Biotechnology,Pharmaceuticals,6M,15.222396037187982,G
500089,DIC India Ltd,DICIND,DIC INDIA LTD.,Active,T ,10.0,INE303A01010,Printing Inks,Equity,Commodities,Chemicals,Chemicals & Petrochemicals,Printing Inks,3M,53.58549480723623,G
500089,DIC India Ltd,DICIND,DIC INDIA LTD.,Active,T ,10.0,INE303A01010,Printing Inks,Equity,Commodities,Chemicals,Chemicals & Petrochemicals,Printing Inks,6M,72.7194262655702,G
500093,CG Power and Industrial Solutions Limited,CGPOWER,CG Power and Industrial Solutions Ltd,Active,A ,2.0,INE067A01029,Heavy Electrical Equipment,Equity,Industrials,Capital Goods,Electrical Equipment,Heavy Electrical Equipment,3M,18.738673432403044,G
500093,CG Power and Industrial Solutions Limited,CGPOWER,CG Power and Industrial Solutions Ltd,Active,A ,2.0,INE067A01029,Heavy Electrical Equipment,Equity,Industrials,Capital Goods,Electrical Equipment,Heavy Electrical Equipment,6M,53.3277099253912,G
500097,Dalmia Bharat Sugar and Industries Ltd,DALMIASUG,Dalmia Bharat Sugar and Industries Ltd,Active,B ,2.0,INE495A01022,Sugar,Equity,Fast Moving Consumer Goods,Fast Moving Consumer Goods,Agricultural Food & other Products,Sugar,3M,28.237227015667155,G
500097,Dalmia Bharat Sugar and Industries Ltd,DALMIASUG,Dalmia Bharat Sugar and Industries Ltd,Active,B ,2.0,INE495A01022,Sugar,Equity,Fast Moving Consumer Goods,Fast Moving Consumer Goods,Agricultural Food & other Products,Sugar,6M,31.87255859375,G
500104,Hindustan Petroleum Corporation Ltd,HINDPETRO,HINDUSTAN PETROLEUM CORPORATION LTD.,Active,A ,10.0,INE094A01015,Refineries & Marketing,Equity,Energy,"Oil, Gas & Consumable Fuels",Petroleum Products,Refineries & Marketing,3M,24.488027374451462,G
500104,Hindustan Petroleum Corporation Ltd,HINDPETRO,HINDUSTAN PETROLEUM CORPORATION LTD.,Active,A ,10.0,INE094A01015,Refineries & Marketing,Equity,Energy,"Oil, Gas & Consumable Fuels",Petroleum Products,Refineries & Marketing,6M,34.009517807441924,G
500106,IFCI Ltd.,IFCI,IFCI LTD.,Active,A ,10.0,INE039A01010,Financial Institution,Equity,Financial Services,Financial Services,Finance,Financial Institution,6M,28.611719908864313,G
500108,Mahanagar Telephone Nigam Ltd.,MTNL,MAHANAGAR TELEPHONE NIGAM LTD.,Active,A ,10.0,INE153A01019,Telecom - Cellular & Fixed line services,Equity,Telecommunication,Telecommunication,Telecom - Services,Telecom - Cellular & Fixed line services,6M,37.18050151959644,G
500117,DCW Ltd.,DCW,DCW LTD.,Active,A ,2.0,INE500A01029,Petrochemicals,Equity,Commodities,Chemicals,Chemicals & Petrochemicals,Petrochemicals,3M,106.93451092553015,G
500117,DCW Ltd.,DCW,DCW LTD.,Active,A ,2.0,INE500A01029,Petrochemicals,Equity,Commodities,Chemicals,Chemicals & Petrochemicals,Petrochemicals,6M,88.44327199443114,G
500125,E.I.D. Parry (India) Ltd.,EIDPARRY,E.I.D.-PARRY (INDIA) LTD.,Active,A ,1.0,INE126A01031,Fertilizers,Equity,Commodities,Chemicals,Fertilizers & Agrochemicals,Fertilizers,6M,29.866450829623638,G
500133,Esab India Ltd.,ESABINDIA,ESAB INDIA LTD.,Active,A ,10.0,INE284A01012,Other Industrial Products,Equity,Industrials,Capital Goods,Industrial Products,Other Industrial Products,6M,26.706749744863757,G
500135,EPL LIMITED,EPL,EPL Ltd,Active,A ,2.0,INE255A01020,Packaging,Equity,Industrials,Capital Goods,Industrial Products,Packaging,3M,22.158827785642686,G
500135,EPL LIMITED,EPL,EPL Ltd,Active,A ,2.0,INE255A01020,Packaging,Equity,Industrials,Capital Goods,Industrial Products,Packaging,6M,51.65823330492002,G
500136,Ester Industries Ltd.,ESTER,ESTER INDUSTRIES LTD.,Active,B ,5.0,INE778B01029,Packaging,Equity,Industrials,Capital Goods,Industrial Products,Packaging,3M,30.76164397047096,G
500136,Ester Industries Ltd.,ESTER,ESTER INDUSTRIES LTD.,Active,B ,5.0,INE778B01029,Packaging,Equity,Industrials,Capital Goods,Industrial Products,Packaging,6M,25.315583082962085,G
500144,Finolex Cables Ltd.,FINCABLES,FINOLEX CABLES LTD.,Active,A ,2.0,INE235A01022,Cables - Electricals,Equity,Industrials,Capital Goods,Industrial Products,Cables - Electricals,6M,31.298351911562104,G
500148,Uflex Limited,UFLEX,UFLEX LTD.,Active,B ,10.0,INE516A01017,Packaging,Equity,Industrials,Capital Goods,Industrial Products,Packaging,3M,18.293139585194677,G
500148,Uflex Limited,UFLEX,UFLEX LTD.,Active,B ,10.0,INE516A01017,Packaging,Equity,Industrials,Capital Goods,Industrial Products,Packaging,6M,45.41648482527546,G
500150,Foseco India Ltd,FOSECOIND,FOSECO INDIA LTD.,Active,B ,10.0,INE519A01011,Specialty Chemicals,Equity,Commodities,Chemicals,Chemicals & Petrochemicals,Specialty Chemicals,6M,33.656584613302584,G
500160,GTL Ltd,GTL,GTL LTD.,Active,B ,10.0,INE043A01012,Other Telecom Services,Equity,Telecommunication,Telecommunication,Telecom - Services,Other Telecom Services,6M,38.536583505025725,G
500163,Godfrey Phillips India Ltd.,GODFRYPHLP,GODFREY PHILLIPS INDIA LTD.,Active,A ,2.0,INE260B01028,Cigarettes & Tobacco Products,Equity,Fast Moving Consumer Goods,Fast Moving Consumer Goods,Cigarettes & Tobacco Products,Cigarettes & Tobacco Products,3M,57.955087419057385,G
500163,Godfrey Phillips India Ltd.,GODFRYPHLP,GODFREY PHILLIPS INDIA LTD.,Active,A ,2.0,INE260B01028,Cigarettes & Tobacco Products,Equity,Fast Moving Consumer Goods,Fast Moving Consumer Goods,Cigarettes & Tobacco Products,Cigarettes & Tobacco Products,6M,116.42802516608216,G
500164,Godrej Industries Ltd.,GODREJIND,GODREJ INDUSTRIES LTD.,Active,A ,1.0,INE233A01035,Diversified,Equity,Diversified,Diversified,Diversified,Diversified,3M,16.19544918636568,G
500164,Godrej Industries Ltd.,GODREJIND,GODREJ INDUSTRIES LTD.,Active,A ,1.0,INE233A01035,Diversified,Equity,Diversified,Diversified,Diversified,Diversified,6M,21.050790624834356,G
500171,GHCL Ltd.,GHCL,GHCL LTD.,Active,A ,10.0,INE539A01019,Commodity Chemicals,Equity,Commodities,Chemicals,Chemicals & Petrochemicals,Commodity Chemicals,6M,15.754606320303086,G
500173,GFL LIMITED,GFLLIMITED,GFL Ltd,Active,B ,1.0,INE538A01037,Holding Company,Equity,Financial Services,Financial Services,Finance,Holding Company,1W,17.985521257625432,G
500173,GFL LIMITED,GFLLIMITED,GFL Ltd,Active,B ,1.0,INE538A01037,Holding Company,Equity,Financial Services,Financial Services,Finance,Holding Company,1M,19.963805932134836,G
500173,GFL LIMITED,GFLLIMITED,GFL Ltd,Active,B ,1.0,INE538A01037,Holding Company,Equity,Financial Services,Financial Services,Finance,Holding Company,3M,33.90332764681295,G
500173,GFL LIMITED,GFLLIMITED,GFL Ltd,Active,B ,1.0,INE538A01037,Holding Company,Equity,Financial Services,Financial Services,Finance,Holding Company,6M,19.244598475676273,G
500174,Gujarat Lease Financing Limited,GLFL,GUJARAT LEASE FINANCING LTD.,Active,T ,10.0,INE540A01017,Other Financial Services,Equity,Financial Services,Financial Services,Finance,Other Financial Services,1M,18.888897866378834,G
500182,Hero MotoCorp Limited,HEROMOTOCO,HERO MOTOCORP LTD.,Active,A ,2.0,INE158A01026,2/3 Wheelers,Equity,Consumer Discretionary,Automobile and Auto Components,Automobiles,2/3 Wheelers,6M,20.04926133838997,G
500183,HFCL LIMITED,HFCL,HFCL Ltd,Active,A ,1.0,INE548A01028,Telecom - Infrastructure,Equity,Telecommunication,Telecommunication,Telecom - Services,Telecom - Infrastructure,6M,35.06750072926869,G
500184,Himadri Speciality Chemical Ltd.,HSCL,Himadri Speciality Chemical Ltd,Active,A ,1.0,INE019C01026,Specialty Chemicals,Equity,Commodities,Chemicals,Chemicals & Petrochemicals,Specialty Chemicals,3M,53.24435321063338,G
500184,Himadri Speciality Chemical Ltd.,HSCL,Himadri Speciality Chemical Ltd,Active,A ,1.0,INE019C01026,Specialty Chemicals,Equity,Commodities,Chemicals,Chemicals & Petrochemicals,Specialty Chemicals,6M,68.60211901705681,G
500187,AGI GREENPAC LIMITED,AGI,Agi Greenpac Ltd,Active,A ,2.0,INE415A01038,Packaging,Equity,Industrials,Capital Goods,Industrial Products,Packaging,3M,18.89995251164459,G
500187,AGI GREENPAC LIMITED,AGI,Agi Greenpac Ltd,Active,A ,2.0,INE415A01038,Packaging,Equity,Industrials,Capital Goods,Industrial Products,Packaging,6M,16.584766584766587,G
500188,Hindustan Zinc Ltd.,HINDZINC,HINDUSTAN ZINC LTD.,Active,A ,2.0,INE267A01025,Zinc,Equity,Commodities,Metals & Mining,Non - Ferrous Metals,Zinc,6M,25.21631644004944,G
500189,NDL Ventures Limited,NDLVENTURE,NDL Ventures Ltd,Active,B ,10.0,INE353A01023,Other Financial Services,Equity,Financial Services,Financial Services,Finance,Other Financial Services,3M,26.90297315049802,G
500191,HMT Limited,HMT,HMT LTD.,Active,Z ,10.0,INE262A01018,Industrial Products,Equity,Industrials,Capital Goods,Industrial Manufacturing,Industrial Products,6M,32.951091656369236,G
500201,India Glycols Ltd,INDIAGLYCO,INDIA GLYCOLS LTD.,Active,B ,10.0,INE560A01015,Commodity Chemicals,Equity,Commodities,Chemicals,Chemicals & Petrochemicals,Commodity Chemicals,3M,32.49508631391234,G
500201,India Glycols Ltd,INDIAGLYCO,INDIA GLYCOLS LTD.,Active,B ,10.0,INE560A01015,Commodity Chemicals,Equity,Commodities,Chemicals,Chemicals & Petrochemicals,Commodity Chemicals,6M,65.35697707226167,G
